Number of Nodes, Naive(ms), Dynamic(ms)
4, 0.000000, 0.000000
5, 0.000000, 0.000000
6, 0.000000, 0.000000
7, 0.997000, 0.000000
8, 11.967000, 0.000000
9, 106.251000, 0.000000
10, 1024.807000, 0.997000
11, 14348.405000, 1.995000
12, 138930.199000, 3.992000
13, , 8.976000
14, , 19.947000
15, , 50.864000
16, , 124.695000
17, , 333.108000
18, , 866.738000
19, , 2240.467000
20, , 4817.569000
21, , 11030.379000
22, , 25613.131000
23, , 58058.956000
24, 